,net_acc_mean,net_acc_std,net_acc_min,net_acc_max,ACC_x_mean,ACC_x_std,ACC_x_min,ACC_x_max,ACC_y_mean,ACC_y_std,ACC_y_min,ACC_y_max,ACC_z_mean,ACC_z_std,ACC_z_min,ACC_z_max,BVP_mean,BVP_std,BVP_min,BVP_max,EDA_mean,EDA_std,EDA_min,EDA_max,EDA_phasic_mean,EDA_phasic_std,EDA_phasic_min,EDA_phasic_max,EDA_smna_mean,EDA_smna_std,EDA_smna_min,EDA_smna_max,EDA_tonic_mean,EDA_tonic_std,EDA_tonic_min,EDA_tonic_max,Resp_mean,Resp_std,Resp_min,Resp_max,TEMP_mean,TEMP_std,TEMP_min,TEMP_max,BVP_peak_freq,TEMP_slope,0,1,2
0,0.022323600832436778,0.015180742351929108,0.0,0.056420389008112325,0.016347490196165094,0.02148387690146851,-0.01995354276383787,0.05642036229774846,1.1247942921055098e-05,1.4782050223671686e-05,-1.372909892511402e-05,3.882021075377068e-05,1.1247942921055098e-05,1.4782050223671686e-05,-1.372909892511402e-05,3.882021075377068e-05,-0.17384615384615423,37.90370691471724,-145.76,137.48,2.690754290839446,0.1829498078691484,2.445387494696049,3.018659419839053,0.04016215178699556,0.034178446423099806,0.008649243475833013,0.1499322081613937,0.021322776169638253,0.05871611240691357,2.1108114350641772e-08,0.37826630637184516,-0.2969378893611272,0.05041221729470446,-0.3607477687683418,-0.2277145795801217,-0.30275352835772307,2.6444262717347997,-6.48345947265625,4.19464111328125,31.38495495495489,0.048059157874734026,31.31,31.47,0.14027149321266968,0.0014433134433134483,0,1,0
0,0.018142352491310125,0.016345830251808,0.0,0.059860656630558194,0.017731380000896857,0.016790733134005056,-0.010320797981295449,0.05986062829151361,1.2200132727922567e-05,1.155291764226066e-05,-7.101258064714148e-06,4.1187296775342064e-05,1.2200132727922567e-05,1.155291764226066e-05,-7.101258064714148e-06,4.1187296775342064e-05,0.18291124929338473,54.85401825753315,-224.11,265.23,2.4183527676225736,0.07462615102446418,2.3286154415103333,2.653983186248765,0.023228106404365238,0.025807519276496473,0.00038727272782794166,0.10674388740586774,0.01895757541886564,0.07251213249905193,2.450965366146092e-08,0.5802811602077915,-0.38564682210326945,0.008992496823107016,-0.3990482992440478,-0.36130815055789955,0.1727078595937306,2.5140756579848027,-4.59747314453125,5.34515380859375,31.504545454545532,0.033995624414605095,31.45,31.57,0.12210288298473713,0.0010228343439352846,0,1,0
0,0.040012958808755314,0.002677158464593917,0.031650462126502035,0.05298012138566645,0.04001293986594538,0.002677157197181943,0.03165044714263938,0.05298009630398331,2.7531031266276167e-05,1.842026573085734e-06,2.177719139845672e-05,3.64531247321993e-05,2.7531031266276167e-05,1.842026573085734e-06,2.177719139845672e-05,3.64531247321993e-05,-0.3593834841628956,32.950416663128166,-100.98,230.23,2.2347083200882394,0.0931229759130773,2.0877660620838503,2.416922979487619,0.0073060119860515185,0.008318528718297366,0.00015599903986473161,0.03124020216216731,0.004270036308961259,0.02642830783997192,3.28755091842394e-08,0.24500454757491552,-0.44083280046534906,0.03063007437210579,-0.48867000250555365,-0.3997316458731004,0.05348969570811308,2.4385395481085257,-5.58929443359375,5.03997802734375,31.605315315315348,0.02261386881403515,31.57,31.65,0.14027149321266968,0.0005917865917865788,0,1,0
0,0.03877823016324432,0.0046559180222635966,0.03096240860201286,0.04747569318975305,0.03877821180497581,0.004655915818073463,0.03096239394388635,0.04747567071395907,2.6681472674336077e-05,3.20351777175029e-06,2.1303774194142445e-05,3.2665787097685084e-05,2.6681472674336077e-05,3.20351777175029e-06,2.1303774194142445e-05,3.2665787097685084e-05,0.28768795929903873,19.36448972818216,-75.9,60.66,1.9565649998699226,0.1000727462547902,1.78208738429017,2.115257460286391,0.003133646537385589,0.002914136233179335,5.706899390801556e-05,0.010294234456954588,0.0025342099832297263,0.01031211389445427,3.0117789142118934e-08,0.08629789438170493,-0.5444886340082838,0.03876442515069082,-0.6190704647574171,-0.48893996245113314,-0.01181508841321545,2.768498717392293,-7.73162841796875,5.62896728515625,31.689272727272755,0.02878475262132866,31.65,31.75,0.1492368569813454,0.0007866014471519147,0,1,0
0,0.03275726315797675,0.012492053665838254,0.0,0.04541153261628553,0.0294352894462013,0.01904343104238681,-0.01995354276383787,0.045411511117699976,2.025304505968023e-05,1.310289364394709e-05,-1.372909892511402e-05,3.124553548474225e-05,2.025304505968023e-05,1.310289364394709e-05,-1.372909892511402e-05,3.124553548474225e-05,-0.14149321266968326,51.99113170580985,-335.97,205.38,1.76613696750233,0.06439416199714393,1.65808094055346,1.8956687373000345,0.02135780361150257,0.022459896787797563,0.001929662136696929,0.08058928911259491,0.01614409168081667,0.04969855184854144,2.0186802167175442e-08,0.34654906326856905,-0.6363385686685257,0.01404211239989471,-0.6577475259466529,-0.6151538622109597,-0.009562952814406375,2.555949411675714,-5.10711669921875,5.98297119140625,31.819369369369305,0.048309797549172105,31.73,31.91,0.08597285067873305,0.0014671814671814824,0,1,0
0,0.036143825245139954,0.0013074932648784831,0.03371462269996956,0.03990710442037213,0.03614380813404382,0.0013074926458891362,0.03371460673889847,0.03990708552767574,2.4868862801744475e-05,8.99624497350084e-07,2.3197443011399553e-05,2.745819785022804e-05,2.4868862801744475e-05,8.99624497350084e-07,2.3197443011399553e-05,2.745819785022804e-05,-0.08710407239818951,17.1993044978827,-49.26,52.21,1.52563737969501,0.07187929516387745,1.41499163293867,1.6650675679128757,0.0029957887866598532,0.0022858736583118316,1.4363175778064472e-05,0.006643862865734029,0.0020910012949182867,0.0068414083875921825,3.668266753802143e-08,0.056538208673350854,-0.7115252040847452,0.027005183769774486,-0.7534515650165146,-0.6590934537643365,0.025916432363024766,1.8115907450253455,-4.2022705078125,4.45404052734375,31.966727272727272,0.04000247926200842,31.89,32.05,0.13574660633484165,0.00116385276018303,0,1,0
0,0.039985716870568726,0.0034199286329273455,0.029586301553034506,0.04541153261628553,0.039985697940655346,0.0034199270138754595,0.029586287546380288,0.045411511117699976,2.751228737244046e-05,2.3530917213988804e-06,2.035693978551389e-05,3.124553548474225e-05,2.751228737244046e-05,2.3530917213988804e-06,2.035693978551389e-05,3.124553548474225e-05,-0.08768230638778972,29.24500370809744,-94.15,166.46,1.3417854750176648,0.04714353722320337,1.2499278038544703,1.4137411745398838,0.0008118374594704151,0.0013700234829928375,9.987777053953179e-07,0.005250413855554679,0.0005531091410889625,0.005389635847692861,3.3895945043218176e-08,0.05693716356779712,-0.7802330490256637,0.017498362628392036,-0.8141596962503391,-0.7540065398682407,0.14647727495338836,1.7888425224438589,-4.17633056640625,3.96270751953125,32.07090090090094,0.02601280175306552,32.0,32.11,0.14019219898247595,0.0006161811161811533,0,1,0
0,0.03852243561939236,0.0023512357459057405,0.033026569175480386,0.04472347909179635,0.038522417382221556,0.002351234632791084,0.03302655354014544,0.04472345791894695,2.6505472503536685e-05,1.6177745101108091e-06,2.2724025807085277e-05,3.0772118280427976e-05,2.6505472503536685e-05,1.6177745101108091e-06,2.2724025807085277e-05,3.0772118280427976e-05,-0.23475678733031674,26.686624413089092,-118.9,70.27,1.1424870731431358,0.060392703144998484,1.046905534179077,1.250292661056718,0.00036226183263410235,0.0007298852546216533,3.310115193719408e-07,0.0028159824085757243,0.0002794348928823394,0.002892805185271864,2.6032463051822296e-08,0.030480702268576264,-0.8571632506146987,0.023245987508925366,-0.894022300597057,-0.8148831747019476,0.06354226159797978,2.4032865383543562,-4.98809814453125,4.49981689453125,32.148363636363605,0.03781599644035309,32.07,32.23,0.14027149321266968,0.0011017289182426605,0,1,0
0,0.0376205898265611,0.00032837423562731013,0.036466836797926255,0.03853099737139378,0.03762057201633986,0.0003283740801694079,0.03646681953391059,0.03853097913016968,2.5884954914761598e-05,2.2593883624814554e-07,2.5091111828656657e-05,2.651136344159949e-05,2.5884954914761598e-05,2.2593883624814554e-07,2.5091111828656657e-05,2.651136344159949e-05,0.2439457320520069,19.397190658959563,-52.63,39.82,0.9957141950524214,0.025632602701714233,0.9478671226520512,1.045679558564986,0.0011335965740400446,0.0015725074689281946,8.574185038651334e-06,0.006363614677001443,0.0008716250406128407,0.006687827008754715,3.8022218681597326e-08,0.069124531628769,-0.9149852889326129,0.00923989669992133,-0.9321996638956511,-0.8946972782381546,0.058202316541359156,1.9823869532566485,-3.9154052734375,4.50897216796875,32.25234234234234,0.024712944959424256,32.21,32.29,0.13114754098360654,0.0006981396981397268,0,1,0
0,0.03643025476664736,0.00021770605206136652,0.03577878327343708,0.03715489032241543,0.03643023751994926,0.00021770594899565043,0.03577876633515756,0.037154872732663616,2.506594145693382e-05,1.4979327459401977e-07,2.461769462434238e-05,2.5564529032970932e-05,2.506594145693382e-05,1.4979327459401977e-07,2.461769462434238e-05,2.5564529032970932e-05,0.07117647058823529,19.519674573324632,-63.33,47.93,0.9071036904146353,0.0218637554365798,0.8688734662911107,0.9479815282362348,2.0643700606047466e-05,4.0026369284941906e-05,2.0258943175228005e-07,0.0001558573141203918,1.5447674398330013e-05,0.000158623148921389,6.426397440578872e-08,0.001679066859021138,-0.9479523324020527,0.008437113960700817,-0.9628964905126528,-0.9325601201868888,-0.06829347419669744,2.4290634855665654,-5.50689697265625,5.35736083984375,32.36801801801794,0.045635054880097545,32.29,32.45,0.14027149321266968,0.0013667953667953398,0,1,0
0,0.0352175993467893,0.0005490715084562173,0.033026569175480386,0.03853099737139378,0.035217582674184025,0.0005490712485165034,0.03302655354014544,0.03853097913016968,2.42315704113215e-05,3.777902288850984e-07,2.2724025807085277e-05,2.651136344159949e-05,2.42315704113215e-05,3.777902288850984e-07,2.2724025807085277e-05,2.651136344159949e-05,-0.037744488411532426,16.484078113770487,-47.74,50.94,0.831268955665062,0.020739509175227367,0.7975396665294341,0.868586312133501,1.7995634984890454e-07,4.733061508015001e-08,1.1247496287777213e-07,2.809301369701846e-07,1.3737961961097513e-07,4.4833144625093224e-08,7.805410907323408e-08,2.671583433590734e-07,-0.9775110217432452,0.007957962680995455,-0.9908739645817285,-0.9631905166181451,0.1678174890978039,1.7890273479139955,-3.411865234375,3.68804931640625,32.52000000000007,0.046807147861294036,32.43,32.61,0.13566986998304126,0.001381060793904812,0,1,0
0,0.03314098531586533,0.0015344486794807938,0.028898248028545334,0.04059515794486131,0.03314096962636322,0.0015344479530469055,0.02889823434762726,0.04059513872642877,2.280275016119625e-05,1.0557818224139683e-06,1.9883522581199616e-05,2.7931615054542318e-05,2.280275016119625e-05,1.0557818224139683e-06,1.9883522581199616e-05,2.7931615054542318e-05,-0.09081447963800875,17.82149081783302,-46.83,45.88,0.7597084670862874,0.021969885141365494,0.717941572297827,0.7970781533857829,1.6941841521316583e-07,4.3912411965566875e-08,1.0615204509976888e-07,2.5455559131952165e-07,1.2259031534162908e-07,4.480352426897407e-08,6.063356012575963e-08,2.3183912384248828e-07,-1.0051745859214096,0.008521263043414154,-1.0195242260792592,-0.9911161686222696,-0.06667829709875665,1.630333563632899,-3.30657958984375,2.996826171875,32.699009009009025,0.05771871766843279,32.61,32.81,0.13122171945701358,0.0017334152334152384,0,1,0
0,0.03197269533819759,0.0004582492675594416,0.028210194504056162,0.03371462269996956,0.03197268020178373,0.00045824905061651265,0.02821018114887423,0.03371460673889847,2.1998904885544945e-05,3.1529972510223135e-07,1.941010537688534e-05,2.3197443011399553e-05,2.1998904885544945e-05,3.1529972510223135e-07,1.941010537688534e-05,2.3197443011399553e-05,0.2128337104072399,20.87823098933051,-74.17,63.23,0.6902249359440507,0.016134526220248354,0.663656190946242,0.7208989679014138,0.0003384981609699707,0.0004380978819063674,9.97880851763263e-08,0.0016345614568562866,0.00047199833433832927,0.0027741224737147774,4.0945352663020175e-08,0.022022918514368554,-1.032353676925649,0.006314226985751597,-1.0390418322322257,-1.019746983913044,0.15776548128243428,1.6605165916551112,-4.498291015625,4.08477783203125,32.86818181818173,0.04947325849168417,32.79,32.97,0.12669683257918554,0.0015003493902576086,0,1,0
0,0.034360693297540906,0.0016886627235876606,0.028898248028545334,0.04472347909179635,0.03436067703060895,0.0016886619241462519,0.02889823434762726,0.04472345791894695,2.364197374223048e-05,1.1618892385212715e-06,1.9883522581199616e-05,3.0772118280427976e-05,2.364197374223048e-05,1.1618892385212715e-06,1.9883522581199616e-05,3.0772118280427976e-05,-0.00040135669869935793,24.431185730273782,-115.16,59.61,0.6464362454273501,0.01845202560982293,0.6155166477166952,0.6806460629004352,0.0004052129166122509,0.0007383974771310017,9.585275199460805e-07,0.002912576146362265,0.00010249625507379014,0.000831102770065701,8.036376756206684e-08,0.008278988717966009,-1.049563285238609,0.006495678460689736,-1.0605894692435809,-1.0391459006024173,-0.0695607344424536,2.221796782193359,-4.77447509765625,4.07867431640625,33.01990990990999,0.04381565591880949,32.93,33.11,0.14019219898247595,0.001301509301509306,0,1,0
0,0.03522382607551743,0.0004341294683275243,0.031650462126502035,0.03715489032241543,0.03522380939996419,0.0004341292628033111,0.03165044714263938,0.037154872732663616,2.423585472991237e-05,2.987040279441128e-07,2.177719139845672e-05,2.5564529032970932e-05,2.423585472991237e-05,2.987040279441128e-07,2.177719139845672e-05,2.5564529032970932e-05,-0.3377771493212667,18.87863553079605,-45.48,34.36,0.5854238254139112,0.016569400495304844,0.5593532799795088,0.6167691535949714,8.056660210148542e-07,1.582276312940501e-06,1.2044166861779383e-07,8.625572766549905e-06,1.1368638319379916e-07,2.5757438814013046e-08,7.986772288395e-08,1.7105033010598494e-07,-1.0726994215388908,0.006447919612439337,-1.0824856869254984,-1.060802462566539,0.09327086676561208,2.1875813611567,-4.32586669921875,3.91082763671875,33.179636363636384,0.041273528226108414,33.11,33.25,0.13574660633484165,0.0012521245181795493,0,1,0
0,0.034546669326303625,0.0003055095368627381,0.03371462269996956,0.03577878327343708,0.03454665297132714,0.00030550939222937277,0.03371460673889847,0.03577876633515756,2.376993508313288e-05,2.1020671457251356e-07,2.3197443011399553e-05,2.461769462434238e-05,2.376993508313288e-05,2.1020671457251356e-07,2.3197443011399553e-05,2.461769462434238e-05,0.23570944036178595,19.513050844755476,-48.99,43.6,0.5390698618680271,0.011983062774932945,0.5194871779546318,0.5585999636222773,1.8320743713797738e-07,7.045942543297839e-08,9.863196346795552e-08,3.207796724656623e-07,1.5158899055960228e-07,7.532306330733089e-08,6.317003385738941e-08,3.562819751553563e-07,-1.0906911681102427,0.004687911890924264,-1.0989804459052162,-1.0826296241912812,0.13192975278256192,2.0059246715984744,-3.826904296875,4.449462890625,33.29594594594592,0.03329849652690038,33.25,33.37,0.13566986998304126,0.0009602492102491945,0,1,0
0,0.03753394243375734,0.0041687724314623835,0.029586301553034506,0.04747569318975305,0.03753392466455572,0.004168770457895182,0.029586287546380288,0.04747567071395907,2.5825336927202844e-05,2.868335848421922e-06,2.035693978551389e-05,3.2665787097685084e-05,2.5825336927202844e-05,2.868335848421922e-06,2.035693978551389e-05,3.2665787097685084e-05,0.382884615384616,33.40695264469337,-95.95,111.66,0.5443773743376386,0.02754736097852825,0.5103542122500803,0.594418608747329,0.004512834959756021,0.006441523253002872,1.7733652292107626e-07,0.021846154068291657,0.0034809116030566083,0.023331288070165983,3.11062429055461e-08,0.2376461818338691,-1.0931929323191936,0.006972668229585527,-1.1007915624321996,-1.0824535550775072,0.08682426111045587,1.9169193466353276,-3.84674072265625,3.680419921875,33.42399999999996,0.05175466601713713,33.33,33.5,0.14027149321266968,0.0015677929806370092,0,1,0
0,0.02542454955688701,0.010503850356649785,0.0,0.05298012138566645,0.020468999566971506,0.018378191769250728,-0.022705755558849988,0.05298009630398331,1.408376062732915e-05,1.2645173634129603e-05,-1.5622767742371126e-05,3.64531247321993e-05,1.408376062732915e-05,1.2645173634129603e-05,-1.5622767742371126e-05,3.64531247321993e-05,-1.0236800452232897,45.956320225303024,-203.46,177.93,0.5371650940659027,0.009498140343019986,0.5192104128192979,0.5557988593173663,0.00036251742541144216,0.0007024599062084683,9.468976990258464e-07,0.0027392320564734412,0.00026948320552760887,0.00266740035569537,4.7985991076247806e-08,0.02819491795774133,-1.09162718238793,0.0034466368199282116,-1.0964467038297354,-1.0833445462067335,0.1465307619711961,2.4338822220868424,-5.9173583984375,5.23834228515625,33.56207207207213,0.031626112973817434,33.5,33.61,0.13114754098360654,0.0008674973674973793,0,1,0
0,0.04192689955164966,0.002462103749827379,0.021329659259164413,0.04816374671424223,0.04192687970274786,0.0024621025842259323,0.02132964916134393,0.0481637239127121,2.8847923693209106e-05,1.6940575587347386e-06,1.4675933333742575e-05,3.313920430199936e-05,2.8847923693209106e-05,1.6940575587347386e-06,1.4675933333742575e-05,3.313920430199936e-05,0.9561142533936658,48.96476756708549,-235.2,200.7,0.5366553612509346,0.014554197743288626,0.5150674892644522,0.5966022930002108,0.0025775268273841843,0.005058517745786899,8.87992111309784e-07,0.019589423986109217,0.0019851054838641645,0.016463837388340664,6.639702943572829e-08,0.1667849591147235,-1.0943228452044735,0.0017707515687877169,-1.0963999484692533,-1.091410861811398,-0.15527470604166127,2.0022493596109228,-5.68695068359375,3.00445556640625,33.64754545454543,0.02548391163197022,33.59,33.71,0.13574660633484165,0.0007083831120528009,0,1,0
0,0.04221488575533826,0.0026804669334577857,0.025457980406099465,0.04541153261628553,0.0422148657700993,0.0026804656644795278,0.02545796835386211,0.045411511117699976,2.9046073428046764e-05,1.8443029745928043e-06,1.7516436559628233e-05,3.124553548474225e-05,2.9046073428046764e-05,1.8443029745928043e-06,1.7516436559628233e-05,3.124553548474225e-05,-0.4750452488687787,31.418280114247484,-111.9,105.28,0.5158910343486673,0.009217859535606597,0.49229287191958554,0.5291345360869998,3.297563115428849e-06,7.641705541110966e-06,1.040431368693029e-07,4.1014618601674195e-05,1.1617842352786982e-07,3.470706916515225e-08,5.1200081762219516e-08,1.8963705627205302e-07,-1.0995866762015662,0.0034353685274661778,-1.107693153641353,-1.095254853369452,0.032383847223074885,2.0236099983175073,-3.81927490234375,3.66363525390625,33.68018018018014,0.014580128521906746,33.66,33.71,0.13574660633484165,0.00015303615303616624,0,1,0
0,0.024207964613871254,0.010720706539742128,0.0006880535244891746,0.04197126499383966,0.015979335034388857,0.021109696530857744,-0.02201770236009696,0.04197124512393483,1.0994632584357546e-05,1.4524594222762404e-05,-1.514935053805685e-05,2.8878449463170872e-05,1.0994632584357546e-05,1.4524594222762404e-05,-1.514935053805685e-05,2.8878449463170872e-05,-0.10711136235161209,41.262441783589,-213.51,129.77,0.48198573094006747,0.013303744420753614,0.44929149912465033,0.5094010030723773,0.0046126544404640375,0.005241834578384167,1.0666728719274691e-07,0.018002610261689412,0.0036757015871823496,0.013967916698601408,2.7245801515093068e-08,0.09682976016250791,-1.117630117741144,0.0063280214771244785,-1.129224746160732,-1.1079538215609275,0.10523412708511065,2.0698591521399057,-5.27801513671875,4.400634765625,33.74527272727272,0.026822957972233975,33.68,33.79,0.054267947993216506,0.0006939115929942057,0,1,0
0,0.03328887012316469,0.007511431217997116,0.002064160573467524,0.0571084425326015,0.030318706166319966,0.015663506209199488,-0.018577436366331808,0.05710841549650149,2.0860882759789847e-05,1.0777325550927584e-05,-1.2782264516485466e-05,3.929362795808496e-05,2.0860882759789847e-05,1.0777325550927584e-05,-1.2782264516485466e-05,3.929362795808496e-05,0.15998868778280487,34.6712237795396,-166.05,97.99,0.45487756737519536,0.01954777180334579,0.42982142396916756,0.5191588259918618,0.0037305736775148602,0.006300983441970071,1.5146740203514084e-06,0.024281759598458623,0.0027434110343334314,0.02492822753784457,3.011909024337753e-08,0.2626995879019313,-1.1267797563134194,0.0030792905634062766,-1.1336018035879607,-1.1225162524318912,0.05896173427968128,2.4107145723171346,-5.7373046875,3.80706787109375,33.84963963963956,0.03824830981198617,33.77,33.91,0.14027149321266968,0.001066339066339042,0,1,0
0,0.034776635258672584,0.0019863168850863928,0.028898248028545334,0.0516040143366881,0.03477661879482655,0.0019863159447304772,0.02889823434762726,0.05160398990647725,2.392816380359531e-05,1.366691039505949e-06,1.9883522581199616e-05,3.550629032357074e-05,2.392816380359531e-05,1.366691039505949e-06,1.9883522581199616e-05,3.550629032357074e-05,0.22044092707744442,25.291877751364776,-121.7,116.5,0.4156288107997577,0.006778782428137304,0.4062098148894772,0.4293716551408084,0.00014456624554950504,0.00032414731380153304,1.1279405170573177e-07,0.0012336581685789523,0.00012235950906940593,0.0012738060145492825,7.601095252433849e-08,0.01342127308061228,-1.138795923234887,0.0025873517505038295,-1.142087344452195,-1.1337980633278593,0.007945994089224317,1.6638489207620635,-3.240966796875,4.37164306640625,33.90381818181814,0.014205109079726067,33.89,33.93,0.14471452798191067,0.0001745598809818861,0,1,0
0,0.03648940868956675,0.0011612564761399606,0.032338515650991204,0.03990710442037213,0.03648939141486478,0.0011612559263815573,0.03233850034139241,0.03990708552767574,2.5106642483549164e-05,7.990058547177479e-07,2.2250608602771e-05,2.745819785022804e-05,2.5106642483549164e-05,7.990058547177479e-07,2.2250608602771e-05,2.745819785022804e-05,-0.01854072398189876,29.48484935582461,-82.05,90.52,0.39278249398430165,0.008078094849233048,0.38034909436697,0.4079761568170837,1.4638854769704823e-05,3.527439079563944e-05,9.996784630401059e-08,0.0001888772596077207,1.1154826186376412e-07,2.9358631930946963e-08,6.118629036886445e-08,1.8486534383159038e-07,-1.1472891837043129,0.0030995373519003477,-1.1508949309448162,-1.142116180032907,0.06530427244957801,2.0752212221729356,-3.47137451171875,3.70330810546875,33.872882882882855,0.015444605308340312,33.84,33.89,0.14027149321266968,-0.0003024745524745527,0,1,0
0,0.042739487650707036,0.0015954380549561143,0.01788939163671854,0.0516040143366881,0.04273946741711225,0.0015954372996488369,0.01788938316757878,0.05160398990647725,2.940702726934512e-05,1.0977457374332837e-06,1.230884731217119e-05,3.550629032357074e-05,2.940702726934512e-05,1.0977457374332837e-06,1.230884731217119e-05,3.550629032357074e-05,-0.4866346153846168,44.17325055290228,-239.64,123.25,0.3891397122096443,0.006773754704716079,0.3787893429007767,0.41468025599194297,0.001076637313554103,0.001611201151487793,1.1626737301617533e-07,0.006496467792325362,0.0008286335223871836,0.004917165579927035,4.283103306494382e-08,0.04708115697974097,-1.1500236701440312,0.0014021695334455392,-1.1525466279632388,-1.148234333696353,0.19532220339703593,2.389814616032049,-4.85687255859375,4.75921630859375,33.845090909090914,0.01777359914159887,33.81,33.89,0.13574660633484165,-0.0003945630367648367,0,1,0
0,0.038148053554596724,0.010085292508417136,0.0,0.07224562007136334,0.03809666500697481,0.010277633780373016,-0.013761063975060599,0.07224558586906815,2.6212532219871753e-05,7.071558798197837e-06,-9.468344086285531e-06,4.9708806452999045e-05,2.6212532219871753e-05,7.071558798197837e-06,-9.468344086285531e-06,4.9708806452999045e-05,0.196653476540415,68.67311075487282,-391.83,314.15,0.3879136174152334,0.019610602645251884,0.3677028372918103,0.4614283036238364,0.005935773535612376,0.007267140230504409,5.923235431471841e-07,0.028678343750064696,0.005038413562754615,0.022742888415964016,2.1931984995979997e-08,0.2183864835735606,-1.1549918803516277,0.005043070283222237,-1.1617778305227402,-1.1433081687484294,0.3352974134422904,5.947726314175225,-14.99786376953125,18.48907470703125,33.85846846846841,0.02929188917649716,33.81,33.91,0.18541548897682306,0.0007871182871182456,0,1,0
0,0.029906199741456314,0.010654302087964293,0.0,0.05573233548362315,0.029361347077557224,0.012074985691089557,-0.01238495757755454,0.05573230909899543,2.0202168776411084e-05,8.308232529651256e-06,-8.521509677656977e-06,3.8346793549456406e-05,2.0202168776411084e-05,8.308232529651256e-06,-8.521509677656977e-06,3.8346793549456406e-05,-0.08555429864253454,64.6715157854784,-374.77,354.23,0.3883757939827304,0.018793822736554174,0.36647081255371433,0.4314782365957468,0.0010439133965770998,0.0014536090887922524,1.1396883141876386e-06,0.005768697572477053,0.0003258833117407434,0.0034001093315786457,3.8939702029756315e-08,0.03582406676670789,-1.1502734847763119,0.0058584504019731035,-1.1573203035577102,-1.1420579037413756,-0.2765146286457256,3.4602273133518007,-10.5377197265625,7.35931396484375,33.94836363636355,0.023837604849454165,33.91,33.99,0.12217194570135748,0.0006151973491423283,0,1,0
0,0.024965069745617963,0.014550703508476828,0.0,0.05917260310606901,0.02467895218985019,0.015030841899953804,-0.01307301077630757,0.059172575092760575,1.698043199609952e-05,1.0342018849214299e-05,-8.994926881971256e-06,4.071387957102778e-05,1.698043199609952e-05,1.0342018849214299e-05,-8.994926881971256e-06,4.071387957102778e-05,-0.1363199547767106,71.90621258981997,-451.67,352.41,0.3677984997690561,0.005390515615383998,0.35889514717999854,0.38351130372859676,0.00040678484594960186,0.0006641069671027999,1.2704545364550405e-07,0.002656838697752112,0.00039518047221930345,0.002846833404346024,3.6569018363735946e-08,0.028646334829789708,-1.1574819291376943,0.0007105494244335442,-1.159966444015319,-1.1565671279115965,0.016485440448772426,2.425696638312783,-4.8370361328125,5.28106689453125,33.998468468468516,0.021485306028351008,33.97,34.05,0.14471452798191067,0.0005063180063180118,0,1,0
0,0.04038967589682363,0.0010638052140228076,0.03715489032241543,0.04472347909179635,0.04038965677567004,0.0010638047103994693,0.037154872732663616,0.04472345791894695,2.7790232541036702e-05,7.319542338388948e-07,2.5564529032970932e-05,3.0772118280427976e-05,2.7790232541036702e-05,7.319542338388948e-07,2.5564529032970932e-05,3.0772118280427976e-05,0.2843382352941188,15.580106997845995,-111.96,45.92,0.3472562267562217,0.007174051273406709,0.3335053225969059,0.3596188212147023,0.0001071776726256981,0.0002580290715725909,1.6152395462481642e-07,0.001356142709406968,1.2529145087799888e-07,3.6650194222190344e-08,6.673653187383605e-08,2.467943969554064e-07,-1.1650637817362908,0.002753188870627387,-1.1705247103470369,-1.160119178583059,0.1744161709470561,1.9287424434159037,-3.9642333984375,4.2877197265625,34.03936936936944,0.009980095440809704,34.03,34.05,0.13574660633484165,2.2815022815018274e-05,0,1,0
0,0.038223552640428926,0.0015926667521396875,0.03577878327343708,0.043347372042818,0.038223534544754266,0.0015926659981443778,0.03577876633515756,0.04334735152144089,2.6299825211165012e-05,1.0958389345684317e-06,2.461769462434238e-05,2.9825283871799426e-05,2.6299825211165012e-05,1.0958389345684317e-06,2.461769462434238e-05,2.9825283871799426e-05,0.11082532504239659,11.784364121947146,-38.09,45.11,0.32268407621258494,0.004903110097492856,0.31448535834362484,0.3345643001842792,1.549783409039272e-07,2.4964086915424262e-08,1.2516780047797372e-07,2.1649317586481741e-07,1.1646116802044674e-07,3.2118124528533726e-08,7.722366822312697e-08,2.0301065695333965e-07,-1.174558216557898,0.0018819465361219968,-1.1775349542934572,-1.1706362164040525,-0.16070295345400476,1.9061123884657958,-4.144287109375,3.61175537109375,34.03290909090916,0.01805775857154138,34.0,34.07,0.12662521198417184,1.1541149155839084e-05,0,1,0
0,0.03657813957394717,0.0003188758105329528,0.03577878327343708,0.03853099737139378,0.0365781222572379,0.00031887565957176064,0.03577876633515756,0.03853097913016968,2.5167694023471927e-05,2.1940341757283896e-07,2.461769462434238e-05,2.651136344159949e-05,2.5167694023471927e-05,2.1940341757283896e-07,2.461769462434238e-05,2.651136344159949e-05,-0.15931561085972867,13.184384563096964,-38.64,37.14,0.30952043949086927,0.003003764343318224,0.30383492150399716,0.3141765799596139,1.567837854781989e-07,2.8249128886886583e-08,1.1660134918651756e-07,2.0489527961893665e-07,1.2555384239050646e-07,2.9075053413583084e-08,7.908743571117137e-08,1.87238949243878e-07,-1.1796449571676932,0.0012175161621706277,-1.1819759575317772,-1.177583589507609,0.11311509225519245,2.1989695508062823,-4.12750244140625,4.998779296875,34.025675675675714,0.018089946519655,34.0,34.05,0.14027149321266968,-0.00023517023517022627,0,1,0
0,0.03515844542386951,0.0032802912644832906,0.01926549868569689,0.0571084425326015,0.03515842877926811,0.003280289711538077,0.01926548956508484,0.05710841549650149,2.4190869384706113e-05,2.2570138288604236e-06,1.3255681720799745e-05,3.929362795808496e-05,2.4190869384706113e-05,2.2570138288604236e-06,1.3255681720799745e-05,3.929362795808496e-05,-0.08002262443438911,28.3591916595519,-153.53,100.28,0.2995549144098016,0.006967570019029674,0.2803866052902477,0.30721047895769765,1.807900935841634e-07,8.304811098360051e-08,9.441909344151505e-08,3.513361391510855e-07,1.3304743881446468e-07,8.493754561110648e-08,5.331586461702965e-08,3.4265625115490176e-07,-1.1834287551996532,0.0023514214196258365,-1.1901052866256583,-1.1817231121850678,0.17918064187248767,4.948219018957326,-16.12548828125,13.20648193359375,34.00854545454547,0.017930997215911133,33.99,34.05,0.14932126696832582,1.983635011157706e-05,0,1,0
0,0.02966093786755583,0.0004634897228810608,0.028210194504056162,0.031650462126502035,0.02966092382556657,0.00046348950345720944,0.02821018114887423,0.03165044714263938,2.0408293516151388e-05,3.189054354421874e-07,1.941010537688534e-05,2.177719139845672e-05,2.0408293516151388e-05,3.189054354421874e-07,1.941010537688534e-05,2.177719139845672e-05,0.36949689089881305,18.804664111373203,-58.8,32.53,0.26494505818154646,0.008035149249674819,0.25137736964616375,0.2804408251474911,1.9914390803545583e-07,7.84589187406718e-08,1.0066588151591882e-07,3.5021208796155785e-07,1.575615510074707e-07,8.427400129941907e-08,6.618919487505444e-08,4.303681376063389e-07,-1.1969799342223262,0.003046072743186048,-1.2015390448920469,-1.1903316177059238,-0.029331712562041153,2.4769795929893963,-5.85174560546875,6.01043701171875,34.01315315315316,0.017958008175329023,33.99,34.05,0.13566986998304126,-5.76518076518036e-05,0,1,0
0,0.02870288441469135,0.00036128695330996455,0.026834087455077812,0.029586301553034506,0.028702870826262022,0.0003612867822706301,0.02683407475136817,0.029586287546380288,1.9749102085404346e-05,2.485845262084936e-07,1.8463270968256787e-05,2.035693978551389e-05,1.9749102085404346e-05,2.485845262084936e-07,1.8463270968256787e-05,2.035693978551389e-05,-0.16662895927601873,20.444393822004265,-55.83,31.4,0.24683836219112293,0.003456072548015041,0.24117960536963107,0.2542209716057441,1.451182351602076e-07,1.1835567696915444e-08,1.2858729337690194e-07,1.7060151633773385e-07,1.0940240639428921e-07,1.439258186829731e-08,8.507790749862575e-08,1.4018667925216558e-07,-1.2039147055292856,0.001290069379725817,-1.205606882914948,-1.201588563525636,0.15639430450291142,1.8251900630761535,-3.37066650390625,5.33905029296875,34.00872727272729,0.015142300228114448,33.99,34.03,0.14027149321266968,0.00012406735342515611,0,1,0
0,0.027608536840673593,0.001575519836048289,0.021329659259164413,0.04953985376322058,0.027608523770326455,0.001575519090170622,0.02132964916134393,0.04953983031021816,1.899613309302234e-05,1.0840409496883605e-06,1.4675933333742575e-05,3.408603871062791e-05,1.899613309302234e-05,1.0840409496883605e-06,1.4675933333742575e-05,3.408603871062791e-05,0.16527416619559077,19.915966547260624,-56.31,36.34,0.2385782055368171,0.003647490244763002,0.23150492631715366,0.24465791967095288,1.4841467929112924e-07,1.9951791498770992e-08,1.1062541310192877e-07,1.812062446956335e-07,1.2324206998615686e-07,6.198847061072691e-08,7.575914937394682e-08,6.080496405148897e-07,-1.2070744464023446,0.0012492374413448635,-1.2085376268186123,-1.2054921914590122,-0.23004553357714913,4.522017832654231,-9.41009521484375,8.7432861328125,34.002702702702656,0.017029171894079567,33.97,34.03,0.14471452798191067,-0.0002573710073710057,0,1,0
0,0.03762189497704571,0.0016672916437219657,0.03096240860201286,0.0460995861407747,0.0376218771662067,0.0016672908543979717,0.03096239394388635,0.046099564316453005,2.5885852927302273e-05,1.147184805620197e-06,2.1303774194142445e-05,3.1718952689056526e-05,2.5885852927302273e-05,1.147184805620197e-06,2.1303774194142445e-05,3.1718952689056526e-05,0.20024886877827974,19.650430315635543,-100.68,78.61,0.2346451562060083,0.0015407496109036568,0.23113518308943232,0.24012513695155663,1.7391580588763713e-07,5.737528479496702e-08,1.2496925502448082e-07,3.5059379296581826e-07,1.2501456343968817e-07,7.409240861464987e-08,8.366285435545489e-08,6.967918649722491e-07,-1.2087262074402556,0.00025283468199911155,-1.2091271790569031,-1.2084066346391336,0.3620284578198916,3.20571873554677,-7.6812744140625,6.37664794921875,33.97727272727264,0.01710444338384308,33.93,34.03,0.16742081447963802,-0.00020954398936050422,0,1,0
0,0.03610142984141739,0.0007517334156232498,0.033026569175480386,0.039219050895882956,0.03610141275039132,0.0007517330597399702,0.03302655354014544,0.03921903232892271,2.4839692522410335e-05,5.172323363624901e-07,2.2724025807085277e-05,2.6984780645913764e-05,2.4839692522410335e-05,5.172323363624901e-07,2.2724025807085277e-05,2.6984780645913764e-05,-0.40657998869417655,17.798999838659576,-70.35,43.7,0.23340476031161808,0.0015920825299518136,0.22894632900841078,0.23622740504756246,1.5273761943104204e-07,1.732523662962392e-08,1.16919990284273e-07,1.918200612346515e-07,1.195659847255585e-07,2.8446683794913165e-08,7.183927645036062e-08,2.0997732647300487e-07,-1.2091552466057525,0.0004044513394170067,-1.2102948182066762,-1.2087658115548146,-0.1013799877795891,2.149205220959904,-5.83343505859375,3.86810302734375,33.95648648648642,0.01522495868416347,33.93,33.99,0.1537591859807801,-0.00017514917514917184,0,1,0
0,0.03567993395487327,0.00028601784701728797,0.03371462269996956,0.03715489032241543,0.035679917063390514,0.00028601771161161285,0.03371460673889847,0.037154872732663616,2.4549681066708735e-05,1.9679540137439162e-07,2.3197443011399553e-05,2.5564529032970932e-05,2.4549681066708735e-05,1.9679540137439162e-07,2.3197443011399553e-05,2.5564529032970932e-05,-0.06611425339366486,16.470039256247418,-44.59,42.34,0.22638523983046505,0.002340681471823405,0.22144937919605984,0.23101028059246792,1.4574378552767953e-07,1.1951358165366676e-08,1.261014218457582e-07,1.6934715840676037e-07,1.1103062275953626e-07,1.4631567347614697e-08,8.719052196788714e-08,1.4470271703780578e-07,-1.211832083318841,0.0008077753387516175,-1.2132031749350634,-1.2103352667754461,0.10192061688436273,1.7592431570115947,-3.39508056640625,3.55224609375,33.951272727272666,0.013287662829522045,33.93,33.97,0.14479638009049775,-9.927191578568251e-05,0,1,0
0,0.03641468794482608,0.0014287889768492216,0.033026569175480386,0.044035425567307176,0.03641467070549794,0.001428788300436421,0.03302655354014544,0.04403540472019392,2.5055230660456108e-05,9.830823604561748e-07,2.2724025807085277e-05,3.02987010761137e-05,2.5055230660456108e-05,9.830823604561748e-07,2.2724025807085277e-05,3.02987010761137e-05,0.18932126696832588,24.438786718222694,-127.69,93.29,0.2185788322348782,0.003184502158120086,0.21263620276162082,0.22417170667480826,1.5638627695034723e-07,2.6816339427392174e-08,1.1386110882713811e-07,2.165343703975155e-07,1.1908054737698926e-07,3.1925438645182055e-08,7.733704305391739e-08,2.259830681856596e-07,-1.214906826018361,0.001118971695525703,-1.2164840252195024,-1.2132187501048903,0.11131887332869125,1.6968112971580311,-3.74755859375,3.47747802734375,33.94657657657651,0.016952264484813614,33.91,33.97,0.14027149321266968,-3.861003860984762e-06,0,1,0
0,0.03648863034847619,0.00031485797228529723,0.034402676224458736,0.03853099737139378,0.03648861307414215,0.0003148578232262154,0.0344026599376515,0.03853097913016968,2.5106106943725194e-05,2.1663893242321528e-07,2.367086021571383e-05,2.651136344159949e-05,2.5106106943725194e-05,2.1663893242321528e-07,2.367086021571383e-05,2.651136344159949e-05,0.4417015262860371,20.511175841819092,-65.46,58.39,0.21077144574338738,0.0023716482267560133,0.20510429482661624,0.21664390656640953,1.4571076787138795e-07,1.2307181380429412e-08,1.2577453512320828e-07,1.813592605262305e-07,1.1567591047157669e-07,1.706695185535988e-08,8.313643591032207e-08,1.5969225283237198e-07,-1.2179146263516976,0.0007907747686637318,-1.21894820565168,-1.2165033902640328,0.028905863106346297,1.780782758908384,-3.45916748046875,3.19671630859375,33.961272727272664,0.015021747320533385,33.93,34.0,0.1492368569813454,0.00023911818407229004,0,1,0
0,0.03625045797461417,0.005643861759321919,0.0006880535244891746,0.05298012138566645,0.03624888413159057,0.005653848578853952,-0.00068805319875303,0.05298009630398331,2.494116067796889e-05,3.89014859994573e-06,-4.734172043142766e-07,3.64531247321993e-05,2.494116067796889e-05,3.89014859994573e-06,-4.734172043142766e-07,3.64531247321993e-05,-1.4104694570135747,57.378422627388545,-343.95,322.79,0.21504772427729307,0.007739360603836827,0.20278187950192977,0.2308467718470437,0.00033738512335382146,0.0006216419332822184,1.0022892752923928e-07,0.0021342297870979915,0.0002599077035751814,0.0018918843925968547,6.408688743503086e-08,0.019318000847904374,-1.2166353244924704,0.002578319049369204,-1.2193717613969006,-1.2129163858858178,-0.030190046241695963,2.4239793467143866,-5.4443359375,6.36444091796875,34.00801801801809,0.02171974730743344,33.97,34.05,0.11764705882352942,0.0005768690768690671,0,1,0
0,0.031816838910954846,0.001270657243927197,0.022017712783653588,0.039219050895882956,0.031816823848326695,0.0012706566423766213,0.02201770236009696,0.03921903232892271,2.189166742300286e-05,8.742793673039993e-07,1.514935053805685e-05,2.6984780645913764e-05,2.189166742300286e-05,8.742793673039993e-07,1.514935053805685e-05,2.6984780645913764e-05,0.881170152628605,20.08932004340986,-82.87,60.44,0.2137451914828909,0.0022924602881033125,0.20985366105844822,0.2201850820371812,6.678830179430401e-07,1.212445423145597e-06,1.0782137857954774e-07,6.6715885265656095e-06,1.2669366931146566e-07,4.561548767334881e-08,6.560687675116998e-08,2.3358180722213055e-07,-1.21671276428698,0.0009660783049151456,-1.2174410402830305,-1.2138965529830734,0.09337477942643704,2.0582743399821464,-4.18853759765625,3.73077392578125,34.092909090909124,0.028263225529924777,34.03,34.15,0.13566986998304126,0.0007968802831188213,0,1,0
0,0.04290838766746532,0.0007391470590555622,0.04059515794486131,0.04678763966526387,0.04290836735391031,0.0007391467091308767,0.04059513872642877,0.04678761751520604,2.9523239411128216e-05,5.085722575652769e-07,2.7931615054542318e-05,3.219236989337081e-05,2.9523239411128216e-05,5.085722575652769e-07,2.7931615054542318e-05,3.219236989337081e-05,0.40397624434389046,18.598021073919444,-100.35,45.84,8.437194385953719,0.18092286369768534,8.099327955478136,8.811664036164224,0.3943244614335014,0.371414428386302,0.029378361364306882,1.202364601613877,0.22457453511177258,0.4019555755445983,2.310594126289878e-08,1.820698244543024,1.5760007719647149,0.35073441651479076,0.7206595190303988,1.8349133892219303,-0.07296127684575007,3.73558471752661,-7.5347900390625,11.59210205078125,33.47693693693686,0.01569947453030052,33.45,33.5,0.09502262443438915,-0.00033555633555634355,0,0,1
0,0.031997602253110664,0.01038244454558107,0.003440267622445873,0.053668174910155624,0.03194465993577133,0.010544161171093013,-0.02339380875760302,0.05366814950273634,2.1979625451885095e-05,7.254943821938041e-06,-1.6096184946685404e-05,3.6926541936513574e-05,2.1979625451885095e-05,7.254943821938041e-06,-1.6096184946685404e-05,3.6926541936513574e-05,-0.43392312040700826,34.36779986548256,-122.02,140.09,8.242077070693984,0.164710290663368,7.752642620428466,8.638908847743485,0.16835233103644257,0.05879413882341338,0.030172746837333557,0.3217278718883273,0.15345008269111785,0.32226721190557933,2.0514726246848156e-08,1.8989475516127188,1.7263222008826182,0.0711789421710915,1.537801827893509,1.8350666347764055,0.025816630888155345,3.610664686684078,-7.061767578125,8.61968994140625,33.43836363636358,0.020069301420432985,33.41,33.47,0.08592425098925946,-0.0005013186664563288,0,0,1
0,0.03697353684820055,0.009238733507617815,0.017201338112229368,0.061236763679536545,0.03697351934430435,0.00923872913384566,0.01720132996882575,0.06123673468901967,2.5439748254005676e-05,6.356737132955279e-06,1.1835430107856916e-05,4.2134131183970615e-05,2.5439748254005676e-05,6.356737132955279e-06,1.1835430107856916e-05,4.2134131183970615e-05,0.44992647058823454,54.349291280759424,-300.7,236.91,8.104783751217287,0.4390601196620622,7.338132764724793,8.938031011866002,0.31738328735111226,0.13058315345107177,0.08437002274926247,0.5769859152291551,0.22934839146819958,0.4215763120654215,1.8154742274000372e-08,2.914414538557597,1.5240655941091326,0.19189323526501129,1.315306246488991,1.8672212915895492,-0.15549497274530838,5.2096289438449555,-13.21868896484375,14.72015380859375,33.38099099099099,0.02986320025798413,33.31,33.41,0.08597285067873305,-0.0008538083538083056,0,0,1
0,0.03594826990432845,0.006582464748391533,0.020641605734675238,0.06330092425300407,0.03594825288581099,0.0065824616321416675,0.020641595962590898,0.06330089428527876,2.4734310387665054e-05,4.529083781664169e-06,1.4202516129428297e-05,4.355438279691344e-05,2.4734310387665054e-05,4.529083781664169e-06,1.4202516129428297e-05,4.355438279691344e-05,-1.0178349349915172,76.67702204119293,-299.41,361.93,9.022190451435716,0.2150666303272165,8.52804830395892,9.345240193994885,0.2901013684929143,0.06754649975842825,0.16591527456080568,0.4266192836272511,0.24120502799109209,0.4183512060248196,2.324321478617476e-08,2.0933057229761736,1.9069755595374236,0.10029911535802546,1.7966533136109288,2.0792666599505134,0.16243719005589646,4.1377686685261414,-9.18121337890625,11.73858642578125,33.3123636363636,0.014455403062036474,33.29,33.33,0.06331260599208592,-0.00027996303225659913,0,0,1
0,0.032133811944044834,0.007959372587597466,0.003440267622445873,0.07224562007136334,0.03213379673135607,0.007959368819496269,0.0034402659937651497,0.07224558586906815,2.2109761629089177e-05,5.476469176309504e-06,2.3670860215713828e-06,4.9708806452999045e-05,2.2109761629089177e-05,5.476469176309504e-06,2.3670860215713828e-06,4.9708806452999045e-05,1.348388009049776,73.14456852183473,-185.23,335.14,8.995992662835537,0.3492719259839348,8.2052502259008,9.87594001263055,0.7662496175137892,0.19376268455416085,0.2917161343574123,1.1010084707569683,0.6068740598260811,0.8133975142442664,1.2854295738834482e-08,3.843110589485159,1.4206384753792218,0.19422554962183033,1.1398547546516673,1.9182264176528883,0.05753106996474823,3.9876746071034703,-6.65740966796875,11.48223876953125,33.26369369369369,0.021971641342731402,33.23,33.31,0.08144796380090498,-0.0004971919971920249,0,0,1
0,0.040782738147804545,0.00392928129946626,0.028898248028545334,0.06880535244891747,0.040782718840568104,0.003929279439278159,0.02889823434762726,0.068805319875303,2.8060680152098504e-05,2.7035532869898677e-06,1.9883522581199616e-05,4.734172043142766e-05,2.8060680152098504e-05,2.7035532869898677e-06,1.9883522581199616e-05,4.734172043142766e-05,-0.5315610859728521,50.883035728409325,-222.22,225.49,9.009144208307182,0.1645391662154137,8.68593991940247,9.418564772463426,0.2539979029630258,0.17997350641921206,0.041744838468096054,0.6809144198364308,0.16067234650353326,0.3310791561891617,3.0264842533948986e-08,2.1795436889570583,1.9379867943367142,0.17888093020652832,1.5497413684810584,2.1057127840170202,0.26837608188301365,4.493014746833486,-7.25555419921875,12.08648681640625,33.205636363636316,0.02826907313421801,33.16,33.25,0.06334841628959277,-0.0007397155287063545,0,0,1
0,0.040700233992153195,0.005805598301644662,0.025457980406099465,0.08600669056114683,0.04070021472397556,0.0058055955531765265,0.02545796835386211,0.08600664984412874,2.800391293076678e-05,3.994558591029462e-06,1.7516436559628233e-05,5.917715053928457e-05,2.800391293076678e-05,3.994558591029462e-06,1.7516436559628233e-05,5.917715053928457e-05,0.17788015828151418,40.528026935668095,-204.37,257.51,9.23516146249633,0.15845367658477805,8.956276941790746,9.677786289122809,0.20989718392063816,0.0663641595383187,0.08627220042905366,0.3642452534733088,0.16914452018245413,0.33757321626691866,1.8924566144830266e-08,1.6479852339201846,2.069674148501295,0.029046903482683246,1.9966220658486413,2.115652994021069,-0.24255124012127915,3.5168920761849845,-6.10198974609375,8.111572265625,33.1523423423424,0.02126431494332431,33.11,33.21,0.11758055398530243,-0.0005282555282554968,0,0,1
0,0.042340198670997795,0.003722861661540738,0.00894469581835927,0.0571084425326015,0.0423401786264333,0.003722859899075219,0.00894469158378939,0.05710841549650149,2.9132295339692106e-05,2.561525662068148e-06,6.154423656085595e-06,3.929362795808496e-05,2.9132295339692106e-05,2.561525662068148e-06,6.154423656085595e-06,3.929362795808496e-05,-0.07959841628959227,45.59889047019111,-320.87,227.13,9.250605085533458,0.2030973698388048,8.8573112374058,9.723697150689398,0.201362258137821,0.07619679498549263,0.029888397325315192,0.35710259495002517,0.13719052980387916,0.2834213068641486,2.5497458768328145e-08,1.757149157239854,2.084226489630085,0.10635642768650873,1.9370131924850942,2.203436150920881,0.21832643330818297,3.8111251350806117,-5.63201904296875,13.63067626953125,33.099636363636414,0.0193966854116541,33.07,33.13,0.11312217194570137,-0.00044785068638280044,0,0,1
0,0.043098584327748594,0.0017265040092749255,0.026146033930588636,0.06742924539993912,0.04309856392415133,0.001726503191918781,0.02614602155261514,0.06742921347779694,2.965410476967438e-05,1.1879260438570476e-06,1.7989853763942512e-05,4.6394886022799105e-05,2.965410476967438e-05,1.1879260438570476e-06,1.7989853763942512e-05,4.6394886022799105e-05,0.09496890898812953,36.45129587797011,-186.01,160.8,9.05041563493949,0.18980740219556183,8.46573031063545,9.31710515140789,0.2726661534907491,0.15933635585484138,0.021660527449555458,0.5986084375052668,0.2145297608803468,0.3162476703625099,1.238614635687553e-08,1.8710205277941485,1.9350441272533494,0.18544848270722797,1.6766977103013716,2.20310151647924,0.12501793629552915,3.7792957149712936,-7.61260986328125,9.81292724609375,33.06099099099106,0.021348880383115422,33.0,33.11,0.12210288298473713,-0.0004666549666550042,0,0,1
0,0.042727034193250246,0.0014731747592759915,0.032338515650991204,0.05779649605709067,0.04272701396555105,0.0014731740618502114,0.03233850034139241,0.05779646869525452,2.9398458632163004e-05,1.0136221255760324e-06,2.2250608602771e-05,3.976704516239923e-05,2.9398458632163004e-05,1.0136221255760324e-06,2.2250608602771e-05,3.976704516239923e-05,-0.2810350678733032,29.089347012586586,-207.17,107.34,8.859820953674873,0.1680948448235551,8.442764843067618,9.298831509535958,0.16587657686518892,0.15818694952539059,0.029300892471234595,0.6749595070526007,0.15242605656256478,0.36535515602601726,1.541188312583619e-08,2.547511970663021,1.9676904062149292,0.1475577085053872,1.545727441017261,2.0869635402341524,-0.07876707924156187,4.466253160533564,-11.46392822265625,10.54534912109375,33.00729729729723,0.022378639507550164,32.97,33.05,0.06787330316742082,-0.0004745524745524585,0,0,1
0,0.04058893121613303,0.005753408475331889,0.024081873357121114,0.06330092425300407,0.04058891200064808,0.005753405751571269,0.02408186195635605,0.06330089428527876,2.7927330735951232e-05,3.958649231092708e-06,1.656960215099968e-05,4.355438279691344e-05,2.7927330735951232e-05,3.958649231092708e-06,1.656960215099968e-05,4.355438279691344e-05,-0.20537591859807794,60.57213128118554,-262.39,264.87,9.036031918982818,0.290875799737537,8.29757682840431,9.671549543799216,0.5211438745354825,0.14307164100020098,0.21879492960532532,0.8050437925198646,0.3974785893879025,0.6284019588860096,1.494863442324026e-08,3.2896455899059625,1.6819231087219721,0.16306168076281516,1.437018493179213,1.9743315927450413,0.12840285591388598,4.260157978875674,-7.025146484375,10.13031005859375,32.98054545454537,0.01772703962550723,32.95,33.03,0.11305822498586772,-0.00024038049726123604,0,0,1
0,0.04201173873057471,0.0007203520516528901,0.036466836797926255,0.05504428195913397,0.04201171884150867,0.0007203517106260756,0.03646681953391059,0.055044255900242395,2.8906297534013148e-05,4.956402987234885e-07,2.5091111828656657e-05,3.7873376345142124e-05,2.8906297534013148e-05,4.956402987234885e-07,2.5091111828656657e-05,3.7873376345142124e-05,0.14829751131221688,15.6522511604198,-80.89,58.54,9.12085617722661,0.09941123079310965,8.983892405866309,9.507175754007637,0.08624676129504136,0.08124963556305384,0.022766949896638966,0.4162921566799903,0.04489791726369795,0.10528957013531369,3.631316773533869e-08,0.5173134417698105,2.1491060344222275,0.04539323739458583,1.983274330776308,2.1823489553093256,-0.010598164978327109,2.4861929845403123,-5.55267333984375,7.25250244140625,32.925495495495454,0.02159157070839081,32.89,32.95,0.14932126696832582,-0.0006002106002106403,0,0,1
0,0.04171207741052012,0.0007382034915464634,0.033026569175480386,0.04953985376322058,0.04171205766331855,0.0007382031420684847,0.03302655354014544,0.04953983031021816,2.870011470181735e-05,5.079230332297529e-07,2.2724025807085277e-05,3.408603871062791e-05,2.870011470181735e-05,5.079230332297529e-07,2.2724025807085277e-05,3.408603871062791e-05,-0.23304298642533913,13.915127588639193,-64.07,38.53,8.940145075340187,0.09559786468206229,8.724225452451643,9.155752085156562,0.05451529941710628,0.021254481081505832,0.010368666193015099,0.09683797649486353,0.03712664486731714,0.08152942908992164,2.4163611663680522e-08,0.5101060626967014,2.1106563113512866,0.027949034360251906,2.078966403515477,2.167218584255752,0.09194284249160667,2.1016729052471526,-3.46832275390625,4.76226806640625,32.86181818181819,0.022650780367121846,32.83,32.91,0.15837104072398192,-0.0005193517120122375,0,0,1
0,0.04189662867931916,0.000939373117354789,0.035090729748947905,0.0460995861407747,0.04189660884474789,0.0009393726726397052,0.03509071313640453,0.046099564316453005,2.8827095732533517e-05,6.463383722309309e-07,2.4144277420028106e-05,3.1718952689056526e-05,2.8827095732533517e-05,6.463383722309309e-07,2.4144277420028106e-05,3.1718952689056526e-05,-0.04732617297908426,32.69727074398711,-111.33,104.5,8.850127890589006,0.1648923482023853,8.518635416841013,9.091788030687667,0.06787763285211823,0.03591770782217789,0.00445148559068842,0.14077173587392944,0.05556188093862434,0.1439872858391177,3.0976384532805405e-08,0.6423121507212076,2.062590091192186,0.04292839864531621,1.995013720181604,2.1144228055000265,0.013370255553208367,3.731419030003077,-9.47113037109375,8.84857177734375,32.82495495495492,0.012071399739244393,32.81,32.84,0.054267947993216506,-0.0002519305019305057,0,0,1
0,0.042166628607694025,0.00038287657614506556,0.03990710442037213,0.043347372042818,0.04216660864530019,0.00038287639488483933,0.03990708552767574,0.04334735152144089,2.9012869958966027e-05,2.6343932822754617e-07,2.745819785022804e-05,2.9825283871799426e-05,2.9012869958966027e-05,2.6343932822754617e-07,2.745819785022804e-05,2.9825283871799426e-05,0.2858597285067868,30.15653874201873,-86.48,109.46,8.601080749393965,0.12646785759868887,8.450950326194327,8.907977596940487,0.056817228787279565,0.04719465941400644,0.002672809270239623,0.16272952303177873,0.04110263671955361,0.12371580160945259,6.856201261265039e-08,0.8963824962369198,1.9769639746685927,0.009667442559549948,1.9543044935146652,1.9944727524646941,-0.0537448283891596,3.0201677298875227,-6.16302490234375,7.31048583984375,32.782545454545435,0.017025988885249727,32.75,32.81,0.15837104072398192,-0.0003189144106575362,0,0,1
0,0.0425713659750404,0.000720208647167821,0.037842943846904606,0.0488518002387314,0.04257134582103703,0.0007202083062089012,0.03784292593141665,0.04885177711146513,2.9291350667386087e-05,4.955416288555364e-07,2.6037946237285214e-05,3.3612621506313634e-05,2.9291350667386087e-05,4.955416288555364e-07,2.6037946237285214e-05,3.3612621506313634e-05,0.3496269078575466,25.77057294101498,-116.55,99.16,8.583361706692536,0.11255923437298289,8.395289580422727,8.87413005937432,0.07816447966239501,0.044400344228592716,0.00905138708352364,0.19086427171671402,0.067348239639818,0.16206093968157187,3.4139877470821e-08,0.8164140899765447,1.9488024886700912,0.009156173436446056,1.9162494080031598,1.9602417156460255,-6.0823732639786475e-05,4.465495488758231,-9.12017822265625,11.41204833984375,32.75216216216216,0.017053461533661638,32.73,32.79,0.1537591859807801,-0.00038206388206392524,0,0,1
0,0.04220943736770173,0.0009692156292078113,0.030274355077523685,0.05435622843464479,0.0422094173850415,0.000969215170364766,0.03027434074513332,0.054356202701489366,2.904232464927972e-05,6.668715982494469e-07,2.083035698982817e-05,3.739995914082785e-05,2.904232464927972e-05,6.668715982494469e-07,2.083035698982817e-05,3.739995914082785e-05,-0.24505090497737606,20.48592583581101,-80.08,64.76,8.879586939568032,0.20860160662017413,8.607261835682664,9.546352214887177,0.19803192200646064,0.12347657087690785,0.015384796018612338,0.5280555203293125,0.15139721405156864,0.2664378873152127,1.8623619919965183e-08,1.7897183222710056,1.9436974521725292,0.06512607971303112,1.8658249735598071,2.0416415398719345,0.05984779178831203,3.6172490872077807,-7.99713134765625,7.904052734375,32.71763636363636,0.0210595377971925,32.66,32.75,0.16289592760180996,-0.00046525257534430864,0,0,1
0,0.03236183949927891,0.007551535481383526,0.011008856391826794,0.04953985376322058,0.03236182417863819,0.007551531906359305,0.01100885118004848,0.04953983031021816,2.226665664359524e-05,5.19585568365605e-06,7.574675269028425e-06,3.408603871062791e-05,2.226665664359524e-05,5.19585568365605e-06,7.574675269028425e-06,3.408603871062791e-05,-0.25937252685132767,38.640554513869816,-178.71,206.86,8.717515903237208,0.21839854837503234,8.330944195666623,9.29968269043612,0.19037540176318804,0.13260973642146456,0.015350551516621961,0.5261389785911741,0.16660372837959123,0.33817196795285204,1.7466776891282486e-08,1.7726596429592532,1.8885812283263543,0.07995086969213729,1.7569687623647139,1.9971587181088455,0.20218526623066868,3.204268389994556,-5.36346435546875,7.35626220703125,32.6618018018018,0.013962510822385449,32.63,32.71,0.06331260599208592,-0.00021884871884871843,0,0,1
0,0.041826493550904745,0.0014571701048415734,0.02476992688161029,0.058484549581579844,0.04182647374953641,0.0014571694149926816,0.02476991515510908,0.058484521894007546,2.8778839055928254e-05,1.002610077110793e-06,1.7043019355313955e-05,4.024046236671351e-05,2.8778839055928254e-05,1.002610077110793e-06,1.7043019355313955e-05,4.024046236671351e-05,0.006889140271491408,35.63552855685143,-172.18,93.14,8.879502981073102,0.13871682138540845,8.598869293959583,9.203580775952712,0.18201124474286498,0.10595903083782066,0.012136200924751196,0.4133006894440187,0.130639203048519,0.27004319485096356,2.7490762804562647e-08,1.6037058099880055,1.9597122046887272,0.06685630146119753,1.837947009546536,2.0327354984075745,-0.12405714221015957,3.8311776514767915,-8.58917236328125,8.59527587890625,32.613545454545516,0.026201539289838684,32.57,32.66,0.04524886877828055,-0.0007037846854360266,0,0,1
0,0.04086991235000263,0.002856111259140263,0.023393819832631935,0.06742924539993912,0.04086989300149613,0.002856109907009012,0.02339380875760302,0.06742921347779694,2.8120660612373783e-05,1.96515555750777e-06,1.6096184946685404e-05,4.6394886022799105e-05,2.8120660612373783e-05,1.96515555750777e-06,1.6096184946685404e-05,4.6394886022799105e-05,-0.7220588235294118,53.016648778325504,-252.07,231.35,8.894167288296783,0.18692715397664922,8.275338934555005,9.231273849743458,0.17154542405796783,0.05551444351441602,0.06627269422031916,0.2929996740574465,0.12510479005248423,0.2461811083296884,1.7264257495829236e-08,1.6208165530489733,1.976011522952997,0.07383795319504494,1.7344265574572304,2.045334971740043,0.4276065208152255,3.3264388689836246,-5.18951416015625,8.87451171875,32.55756756756764,0.01861009201250566,32.53,32.59,0.06334841628959277,-0.0004292734292734592,0,0,1
0,0.04121316077115619,0.0027099404644774137,0.02476992688161029,0.056420389008112325,0.04121314126015032,0.002709939181545898,0.02476991515510908,0.05642036229774846,2.8356833674707028e-05,1.8645823222888168e-06,1.7043019355313955e-05,3.882021075377068e-05,2.8356833674707028e-05,1.8645823222888168e-06,1.7043019355313955e-05,3.882021075377068e-05,0.8557320520067828,38.85895453249339,-135.46,185.53,8.462979511688001,0.1284503518110838,8.120542262876334,8.660081777240984,0.26840719122174966,0.1556904089863709,0.05044842269080267,0.5081073488434502,0.2017238711001568,0.3643313634699427,1.9579323818020788e-08,2.021233234357508,1.7117159124473782,0.16319905510296626,1.499275527609352,1.9713253895106166,-0.2149752023258153,5.123863191517778,-10.26458740234375,10.51177978515625,32.50127272727267,0.024424618389466187,32.45,32.55,0.09044657998869417,-0.0006452223699930021,0,0,1
0,0.041656036851964236,0.0008277667566500566,0.03715489032241543,0.04678763966526387,0.04165601713129331,0.0008277663647713061,0.037154872732663616,0.04678761751520604,2.8661555834497683e-05,5.69547295101069e-07,2.5564529032970932e-05,3.219236989337081e-05,2.8661555834497683e-05,5.69547295101069e-07,2.5564529032970932e-05,3.219236989337081e-05,0.616266968325792,25.50852329565759,-111.44,67.66,8.349433867355948,0.14979467182839995,8.152738221486503,8.776423935566376,0.037148589040579924,0.021045979224572207,0.015622338341664337,0.11003529147005278,0.0215227610804059,0.05482145614448336,3.436670225504567e-08,0.2517596775967047,1.8991037650714917,0.04524470757838619,1.8527556659114883,1.974244502315416,0.08395449954844776,3.660159431914297,-5.75714111328125,8.84857177734375,32.44819819819814,0.017304803176278288,32.41,32.47,0.11312217194570137,-0.0003653913653913726,0,0,1
0,0.04069156318445097,0.0019926424472303285,0.028210194504056162,0.04816374671424223,0.04069154392037797,0.0019926415038797776,0.02821018114887423,0.0481637239127121,2.799794695661579e-05,1.3710433607125362e-06,1.941010537688534e-05,3.313920430199936e-05,2.799794695661579e-05,1.3710433607125362e-06,1.941010537688534e-05,3.313920430199936e-05,-1.0421141888072316,39.58988732851527,-165.38,159.3,7.908469952143398,0.12449121289819724,7.706784713541903,8.160252051644795,0.06487947917269996,0.04825194941797966,0.0069141174498721526,0.17351073599660094,0.04933386852079971,0.14427921604035615,2.3196869030269643e-08,1.0992044212500913,1.7006854927366994,0.0626840740183291,1.6201867592062607,1.8509183994683907,-0.26943363982379565,3.837232149251539,-6.756591796875,10.14251708984375,32.40872727272723,0.015082144223556566,32.37,32.43,0.058790276992651214,-0.0003362261343912579,0,0,1
0,0.017163199398768057,0.0009280629890798867,0.013761070489783492,0.021329659259164413,0.017163191273419715,0.0009280625497192251,0.013761063975060599,0.02132964916134393,1.1809188656486671e-05,6.385564059772071e-07,9.468344086285531e-06,1.4675933333742575e-05,1.1809188656486671e-05,6.385564059772071e-07,9.468344086285531e-06,1.4675933333742575e-05,0.00666289592760196,8.798078760833869,-39.73,32.75,2.2919569994195976,0.0707581316914675,2.190825001735051,2.495141728042685,0.01879250399635338,0.024471274990489525,0.0003071393635126372,0.09278099152723164,0.013519889973468016,0.04321876735341938,3.2684992088409847e-08,0.27433160878635565,-0.4298581500152314,0.007178088469320366,-0.4522943249431248,-0.42084541094609557,0.09708472579611326,2.80894495848683,-5.61676025390625,7.03887939453125,32.41504504504499,0.01749511509036221,32.37,32.45,0.13574660633484165,0.00024043524043526393,1,0,0
0,0.016791152357245355,0.0003407632053846477,0.015825231063251018,0.017201338112229368,0.016791144408030808,0.0003407630440615996,0.01582522357131969,0.01720132996882575,1.1553200620669557e-05,2.344631024834018e-07,1.088859569922836e-05,1.1835430107856916e-05,1.1553200620669557e-05,2.344631024834018e-07,1.088859569922836e-05,1.1835430107856916e-05,0.05429621254946294,5.401299842969287,-17.27,9.24,2.0729372475791616,0.06261967527672385,1.9718250305524265,2.1907560445446896,0.0011058688473858517,0.0012088171723551797,3.13031152882181e-06,0.0038448088257545744,0.0009083325428513953,0.004074909315660762,4.483308351317207e-08,0.031990253213656186,-0.4974116933053236,0.023169511489197457,-0.5344344494895069,-0.4534276840090498,0.01592141544860174,1.4430596652211345,-3.41033935546875,3.52325439453125,32.42890909090904,0.009662058367700725,32.41,32.45,0.12662521198417184,-5.049252755675563e-06,1,0,0
0,0.021198897955867865,0.009101212103921527,0.002064160573467524,0.044035425567307176,0.004967370491450013,0.022528871759938434,-0.04403540472019392,0.03302655354014544,3.4178151560336963e-06,1.5501062278722455e-05,-3.02987010761137e-05,2.2724025807085277e-05,3.4178151560336963e-06,1.5501062278722455e-05,-3.02987010761137e-05,2.2724025807085277e-05,0.1302432126696841,32.116100325390235,-271.27,114.14,1.9275267920902597,0.045842102258831056,1.7760395279763859,2.03725333978092,0.01708674105144737,0.02196529421437946,1.563154116799073e-05,0.07746031908074238,0.016203282657645424,0.05162059593969488,1.871254408117989e-08,0.32961214193011895,-0.5696613898328658,0.023538371054374153,-0.6038060723775328,-0.53496233854178,0.22103558563861928,2.516158844389216,-5.59539794921875,5.98297119140625,32.40927927927924,0.015169416345837022,32.39,32.45,0.08597285067873305,-0.000128817128817126,1,0,0
0,0.02083597113707356,0.011306757328418838,0.0013761070489783493,0.053668174910155624,0.0024863210504092624,0.023575371259877676,-0.05366814950273634,0.0481637239127121,1.7107211518610905e-06,1.6221109607149257e-05,-3.6926541936513574e-05,3.313920430199936e-05,1.7107211518610905e-06,1.6221109607149257e-05,-3.6926541936513574e-05,3.313920430199936e-05,-0.4191690220463531,35.326219399951825,-138.63,252.99,2.119646563055006,0.07116662146779684,1.980405415127483,2.208350348379442,0.012151160062719353,0.01274407299554903,8.798925739404617e-05,0.04622067904982218,0.00601042727427146,0.03447982077601049,4.553820299493123e-08,0.29256963109378864,-0.4903321730821088,0.03444664619010048,-0.578314162965108,-0.4604793883981473,-0.2007268021342291,3.1748176769611067,-7.48748779296875,5.15289306640625,32.39854545454541,0.013607241630593684,32.37,32.43,0.13566986998304126,9.945224624121368e-05,1,0,0
0,0.014723100078322603,0.0008187852325326208,0.009632749342848445,0.017201338112229368,0.014723093108158718,0.0008187848449058863,0.00963274478254242,0.01720132996882575,1.0130271308607253e-05,5.633675316279967e-07,6.627840860399872e-06,1.1835430107856916e-05,1.0130271308607253e-05,5.633675316279967e-07,6.627840860399872e-06,1.1835430107856916e-05,0.2417760180995478,7.878475991575531,-29.45,21.65,2.0875575480027098,0.037331055578319915,2.033606976234368,2.16385516256764,0.006301931462967339,0.007697482163528954,8.889324806308198e-06,0.026927202062674235,0.004926735053139282,0.02237503029503377,4.05125842773678e-08,0.1634900415988389,-0.49695889975002466,0.013213273136706014,-0.51327135525247,-0.4774351901719794,0.22188533839559207,2.4467585777086565,-7.12127685546875,5.694580078125,32.39648648648645,0.01319627634133277,32.37,32.43,0.12669683257918554,-0.0002530712530712315,1,0,0
0,0.013275385648967537,0.0013007903085549737,0.005504428195913397,0.017201338112229368,0.013275379364176077,0.0013007896927388818,0.00550442559002424,0.01720132996882575,9.13416723618143e-06,8.950125089939542e-07,3.7873376345142126e-06,1.1835430107856916e-05,9.13416723618143e-06,8.950125089939542e-07,3.7873376345142126e-06,1.1835430107856916e-05,0.0304694570135749,9.928371126717444,-47.5,32.11,2.0175559391804354,0.03306182179269716,1.9660329574259134,2.103722087098263,0.00348232650460708,0.0059789606344927086,1.734296699029234e-05,0.02329470383265516,0.002535445792125412,0.014408661332101537,3.98054665018753e-08,0.1032422758488495,-0.5211282695592534,0.008753903028424017,-0.536996022915259,-0.512399275454586,0.013547835607906369,2.5337069991710335,-9.20257568359375,6.99005126953125,32.37545454545451,0.013726971700492415,32.34,32.39,0.14479638009049775,-0.00011973942249170479,1,0,0
0,0.012992847832915945,0.0008366305078946285,0.007568588769380921,0.017201338112229368,0.012992841681882755,0.0008366301118196296,0.00756858518628333,0.01720132996882575,8.939766280111157e-06,5.756460246106013e-07,5.2075892474570424e-06,1.1835430107856916e-05,8.939766280111157e-06,5.756460246106013e-07,5.2075892474570424e-06,1.1835430107856916e-05,-0.07045223289994307,14.326036850695726,-82.0,88.77,2.078735325960386,0.07370408579570391,1.9633525482350336,2.2495873497897203,0.01996729315265522,0.02626131960275297,3.907830437694321e-05,0.09028183616335173,0.015693950438364978,0.04862892206591922,3.4526870211932163e-08,0.28427646350713986,-0.5138212902435809,0.012917960526045862,-0.536976930523782,-0.4964414205449396,0.08581755339033095,2.8502601068627023,-8.53424072265625,7.342529296875,32.34504504504506,0.013548303565481283,32.33,32.37,0.08140192198982475,-0.00018708318708316832,1,0,0
0,0.014667837860858124,0.0012099564486338483,0.008256642293870096,0.023393819832631935,0.014667830916856061,0.0012099558758200707,0.00825663838503636,0.02339380875760302,1.0092247981111344e-05,8.325140107080076e-07,5.681006451771319e-06,1.6096184946685404e-05,1.0092247981111344e-05,8.325140107080076e-07,5.681006451771319e-06,1.6096184946685404e-05,0.0836538461538465,13.55525901842705,-70.02,90.21,1.9946787735050355,0.01892135904739275,1.969339062696239,2.0483451644237225,0.006053391993038524,0.007614681899384137,0.00022535343501358716,0.030601006551249206,0.004671170488341709,0.016651036711136807,3.8598609538673804e-08,0.09858735718496027,-0.5327304800357093,0.003876819494025088,-0.5370888311909183,-0.5239610115105321,-0.017659393711305062,2.377116760720758,-7.09381103515625,4.80804443359375,32.333000000000006,0.009298093646256889,32.31,32.34,0.13574660633484165,-7.271825620448888e-05,1,0,0
0,0.018590662008570704,0.006631786539504537,0.0006880535244891746,0.04678763966526387,0.008049833694789704,0.01802201751271763,-0.03509071313640453,0.04678761751520604,5.53871382312988e-06,1.2400106797608485e-05,-2.4144277420028106e-05,3.219236989337081e-05,5.53871382312988e-06,1.2400106797608485e-05,-2.4144277420028106e-05,3.219236989337081e-05,0.28603730921424425,66.22440888208469,-435.63,615.36,1.8670680196412395,0.12244388515899919,1.6261384395197012,1.991915412893925,0.03542822940888957,0.03254526706913494,0.0002682147720389879,0.10911093281170868,0.029982499959400923,0.0509908840185743,1.7205333228763225e-08,0.3045940881458332,-0.6111647419315819,0.05760569473070391,-0.6842442972663917,-0.536499895917234,0.14440627024617736,2.158367365824346,-5.13153076171875,4.90570068359375,32.31990990990986,0.011027851349980248,32.31,32.34,0.09949123798756358,-0.00017479817479814126,1,0,0
0,0.0212269182351457,0.0016681794412567157,0.004816374671424223,0.03096240860201286,0.021226908185964243,0.0016681786515124338,0.00481637239127121,0.03096239394388635,1.4605242076989659e-05,1.1477956572646612e-06,3.313920430199936e-06,2.1303774194142445e-05,1.4605242076989659e-05,1.1477956572646612e-06,3.313920430199936e-06,2.1303774194142445e-05,-0.38522058823529165,158.30891072590555,-600.95,653.83,1.7899500881635961,0.0407402153837607,1.7121421314899012,1.8696983085802814,0.018595753018955843,0.014633379694837313,0.0010032476829550635,0.049552942661252986,0.012544847383575695,0.03669904093688611,1.7497493417355003e-08,0.30748384168889686,-0.6246554684193689,0.02031002229727832,-0.6740130350960154,-0.5946193836061683,-0.014102014607593832,2.41669463960236,-8.78448486328125,5.33599853515625,32.326306306306314,0.012869961389858525,32.31,32.34,0.16289592760180996,0.00027974727974729364,1,0,0
0,0.020406546725177933,0.0008655222926907592,0.011696909916315968,0.02476992688161029,0.02040653706437431,0.0008655218829379092,0.01169690437880151,0.02476991515510908,1.4040783102615073e-05,5.955251001461789e-07,8.048092473342702e-06,1.7043019355313955e-05,1.4040783102615073e-05,5.955251001461789e-07,8.048092473342702e-06,1.7043019355313955e-05,0.07874505370265639,32.614126625122346,-221.07,150.35,1.795328694253773,0.03025962542834515,1.722739147875985,1.8478045550519526,0.00618102657090867,0.005571546722563801,0.00010077870645376928,0.020999960398238156,0.0034180448122749186,0.014673849707096927,2.9635346709536344e-08,0.11379220082650562,-0.6099231764063926,0.00917667322467884,-0.6247873586570849,-0.5954985342004141,0.11385197809825953,2.508277079446588,-6.55975341796875,5.950927734375,32.339909090909096,0.010995491187130698,32.31,32.37,0.10401356698699829,0.00012149764443339495,1,0,0
0,0.02057856010630025,0.0004124025415808364,0.018577445161207715,0.022705766308142764,0.02057855036406249,0.0004124023463425178,0.018577436366331808,0.022705755558849988,1.4159137403693583e-05,2.837547535742238e-07,1.2782264516485466e-05,1.5622767742371126e-05,1.4159137403693583e-05,2.837547535742238e-07,1.2782264516485466e-05,1.5622767742371126e-05,0.1038744343891406,22.241894560040972,-148.63,160.19,1.6983399040569402,0.023594865321075603,1.6538646813491518,1.749777599191858,0.0005308877490877159,0.0007284597357357539,6.481404344950198e-07,0.002768734545220982,0.0004122011978350694,0.0031826279389938995,5.467720269905388e-08,0.029854838510783743,-0.6418842001306407,0.008660921531523594,-0.6575957226866832,-0.6251559546967174,-0.004814529359781316,1.5365440410983258,-4.38232421875,3.60870361328125,32.341171171171176,0.012209783312502099,32.33,32.37,0.12669683257918554,-8.28360828360893e-05,1,0,0
0,0.018624923967762132,0.004823640604682693,0.0,0.030274355077523685,0.015267153273235974,0.011707646302486503,-0.01788938316757878,0.03027434074513332,1.0504613645502811e-05,8.05548348829493e-06,-1.230884731217119e-05,2.083035698982817e-05,1.0504613645502811e-05,8.05548348829493e-06,-1.230884731217119e-05,2.083035698982817e-05,0.5138574660633479,27.918053123569575,-182.63,171.05,1.5933066726758731,0.05982490037774234,1.4240213848004968,1.6541599200194896,0.009037799855408568,0.013939907763040563,1.941739644014328e-05,0.06786197307892387,0.012132428877160888,0.053180014777205485,1.774970353805728e-08,0.4637324905768906,-0.6911262173682201,0.03276234047446961,-0.7688802273943505,-0.6580099424876635,-0.17205211618498603,3.9583312572730067,-13.21563720703125,14.02435302734375,32.33672727272729,0.013219069621304109,32.31,32.37,0.13122171945701358,-1.9836350111573215e-05,1,0,0
